year,artist,theme,summary_zh,summary_en,source
2024,Scarlett Cai,relationships,祖父、旧照片与家庭记忆的缺失和重建。,"Grandfather, old photographs and fragmented family memory.",https://newsroom.artandwriting.org/2024/07/31/eyes-on-the-prize-scarlett-cai-and-adiyah-parham/
2024,Avery Davis-Fehr,psychology,中西部青少年的孤独、失落与成长；以版画表达。,"Midwestern adolescence, loneliness and growing up, expressed in block prints.",https://newsroom.artandwriting.org/2024/08/07/eyes-on-the-prize-avery-davis-fehr-and-kashvi-ramani/
2024,Ashlin Kwong,identity,亚裔美国社区、移民及历史中的社会张力。,"Asian-American communities, immigration and historical tensions.",https://newsroom.artandwriting.org/2024/08/13/eyes-on-the-prize-ashlin-kwong-and-addison-rahmlow/
2024,Jada McAliley,relationships,家庭成员间的亲密互动、肖像与自我关系。,"Intimate family interactions, portraiture and the relationship to self.",https://newsroom.artandwriting.org/2024/08/15/eyes-on-the-prize-jada-mcaliley-and-diemmy-dang/
2024,August Moon,identity,用面具探索跨性别经验、自我呈现与家的归属感。,"Masks exploring transgender experience, self-presentation and belonging.",https://newsroom.artandwriting.org/2024/09/11/eyes-on-the-prize-august-moon-and-celina-bagchi/
2024,Lia Musser,nature,陶器形态表现地壳运动、侵蚀、熔融等变化。,"Altered ceramic forms investigate tectonics, erosion and melting.",https://newsroom.artandwriting.org/2024/09/18/eyes-on-the-prize-lia-musser-and-aina-marzia/
2024,Brenna Rusk,psychology,以视线、表情、颜色表现恐惧、悲伤与内心状态。,"Gaze, expression and color convey fear, grief and inner states.",https://newsroom.artandwriting.org/2024/09/03/eyes-on-the-prize-brenna-rusk-and-walter-sanmartin/
2024,Walter Sanmartin,psychology,以服装、廓形和材料表现心理机制。,"Fashion, silhouettes and materials embody psychological processes.",https://newsroom.artandwriting.org/2024/09/03/eyes-on-the-prize-brenna-rusk-and-walter-sanmartin/
2024,Beverly Zheng,psychology,成长压力、失落、消费习惯等个人困境。,"Personal struggles involving stress, loss and consumption.",https://newsroom.artandwriting.org/2024/08/29/eyes-on-the-prize-beverly-zheng-and-isa-nava/
2025,Austin Cohen,relationships,通过照片与家庭记录呈现兄弟面对慢性疾病的经历。,Photographs and family records document a brother’s experience of chronic illness.,https://newsroom.artandwriting.org/2025/07/25/eyes-on-the-prize-austin-cohen-and-emily-liu/
2025,Abbey Dickey,psychology,重复行为、仪式和迷信；制作过程呼应主题。,"Repetition, rituals and superstitions; repeated making reinforces the theme.",https://newsroom.artandwriting.org/2025/09/15/eyes-on-the-prize-abbey-dickey-and-callum-chen/
2025,Obenewaa Frimpomaa,identity,以肖像表达黑人女性经验、历史与自我表达。,"Portraiture explores Black female experience, history and self-expression.",https://newsroom.artandwriting.org/2025/08/06/eyes-on-the-prize-obenewaa-frimpomaa-and-fairouz-bsharat/
2025,Lena Harnik,identity,牛仔形象中的文化角色、工作、表演和自我认同。,"Cowboy identities across cultural archetypes, work, performance and selfhood.",https://newsroom.artandwriting.org/2025/09/10/eyes-on-the-prize-lena-harnik-and-tanya-rastogi/
2025,Jasmine Li,imagination,用夸张、漫画和鲜艳色彩表现童年想象与幽默。,"Exaggeration, comics and bold color express childhood imagination and humor.",https://newsroom.artandwriting.org/2025/08/14/eyes-on-the-prize-jasmine-li-and-chantal-eulenstein/
2025,Diego Mora,relationships,日常人物和叙事中的共情与共同人类经验。,Everyday figures and narratives explore empathy and shared human experience.,https://newsroom.artandwriting.org/2025/09/04/eyes-on-the-prize-diego-mora-and-anna-castro-spratt/
2025,Haneul Park,identity,钢笔线条记录韩国城市、生活和文化记忆。,"Detailed ink drawings evoke Korean cities, daily life and cultural memory.",https://newsroom.artandwriting.org/2025/08/06/eyes-on-the-prize-haneul-park-and-jacob-jing/
2025,Peize Wang,relationships,摔跤训练室中的友情、快乐与团队关系。,"Friendship, joy and camaraderie in a wrestling practice room.",https://newsroom.artandwriting.org/2025/09/02/eyes-on-the-prize-peize-wang-and-lillian-hughes/
2026,Jack Adams,society,人类演化、符号交流及文明的发展方向。,"Human evolution, symbolic communication and the direction of civilization.",https://newsroom.artandwriting.org/2026/07/24/eyes-on-the-prize-jack-adams-and-niamh-carmichael/
2026,Luke Haring,nature,改变拉坯器形，研究对称、切割与结构。,"Altered wheel-thrown forms investigate symmetry, cuts and structure.",https://newsroom.artandwriting.org/2026/08/07/eyes-on-the-prize-luke-haring-and-tika-gill/
2026,Joyce Kim,psychology,对失控的恐惧、完美主义及自我接纳。,"Fear of uncertainty, perfectionism and self-acceptance.",https://newsroom.artandwriting.org/2026/08/14/eyes-on-the-prize-joyce-kim-and-ananya-kharat/
2026,Zoey Kim,identity,文化疏离、家庭迁移与重新理解自己的文化。,"Cultural estrangement, family migration and reconnecting with heritage.",https://newsroom.artandwriting.org/2026/08/21/eyes-on-the-prize-zoey-kim-and-isabella-lyons/
2026,Jaden Poole,psychology,身体的陌生感、舒适边界与身份；使用身体变形意象。,"Unfamiliar bodies, limits of comfort and identity, using body-horror imagery.",https://newsroom.artandwriting.org/2026/08/28/eyes-on-the-prize-jaden-poole-and-adelaide-sendlenski/
2026,Naisha Simon,identity,海地文化、迈阿密社区和家庭记忆中的家。,"Home through Haitian heritage, Miami neighborhoods and family memory.",https://newsroom.artandwriting.org/2026/09/04/eyes-on-the-prize-naisha-simon-and-karmiah-smith/
2026,Sea Sombar,identity,以影像探索跨性别青年的经验与社会呈现。,Film explores transgender youth experience and representation.,https://newsroom.artandwriting.org/2026/09/22/eyes-on-the-prize-sea-sombar-and-kurn-sundaram/
2026,Graham Zeppernick,society,搭建微缩场景摄影，表达社会疏离、环境与人类处境。,"Staged miniature photography addresses alienation, environment and the human condition.",https://newsroom.artandwriting.org/2026/10/01/eyes-on-the-prize-graham-zeppernick-and-annabelle-taghinia/
