id,title,date,url
1,IDC · Servers Market Insights,2026-07-28,https://www.idc.com/promo/servers/
2,"IDC · Worldwide Server Tracker, Q2 2026",2026-09-10,https://www.idc.com/resource-center/press-releases/2q2026-wwserver-tracker/
3,Intel · Q2 2026 Form 10-Q,2026-07-24,https://www.intc.com/filings-reports/all-sec-filings/content/0000050863-26-000157/intc-20260627.htm
4,SEMI · Advanced Packaging / Yole market outlook,2025 forecast vintage,https://www.semi.org/en/blogs/advanced-packaging-driving-innovation-performance-and-new-system-capabilities
5,AMD · Venice production ramp at TSMC 2nm,2026-05-21,https://newsroom.amd.com/news/amd-announces-production-ramp-of-next-generation-a/
6,AMD · Advancing AI 2026 product roadmap,2026-07-23,https://ir.amd.com/news-events/press-releases/detail/1294/aai-2026-amd-delivers-full-stack-compute-for-the-agentic-ai-era
7,"AMD · Accelerator specifications, MI455X",2026-10-02 accessed,https://www.amd.com/en/products/specifications/accelerators.html
8,AMD / Samsung · HBM4 and DDR5 collaboration,2026-03-18,https://newsroom.amd.com/news/samsung-and-amd-expand-strategic-collaboratio/
9,Intel · Xeon 6+ / Clearwater Forest launch,2026-06-01,https://www.intel.com/content/www/us/en/newsroom/news/data-center/intel-puts-agentic-ai-xeon-6-networking-ai-systems.html
10,Intel · Hot Chips 2026 architectures,2026-08-24,https://www.intel.com/content/www/us/en/newsroom/news/client-computing/intel-outlines-architectures-for-agentic-ai-at-hot-chips-2026.html
11,Intel · Xeon 6+ product deck,2026-10-02 accessed,https://cdrdv2-public.intel.com/866623/xeon-6-plus-product-deck.pdf
12,Arm · Introducing Arm AGI CPU,2026-03-24,https://newsroom.arm.com/blog/introducing-arm-agi-cpu
13,Arm · AGI CPU media Q&A,2026-03-24,https://newsroom.arm.com/wp-content/uploads/2026/03/Arm-Everywhere-event-media-QA-March-24-2026.pdf
14,Arm · AGI CPU and Neoverse CSS N4,2026-09-08,https://newsroom.arm.com/news/arm-agi-cpu-neoverse-css-n4-agentic-ai
15,Google · TPU 8t / 8i technical deep dive,2026-04-22,https://cloud.google.com/blog/products/compute/tpu-8t-and-tpu-8i-technical-deep-dive
16,Google · AI infrastructure at Next 2026,2026-04-22,https://cloud.google.com/blog/products/compute/ai-infrastructure-at-next26
17,Intel / Google · Xeon and IPU collaboration,2026-04-09,https://www.intel.com/content/www/us/en/newsroom/news/artificial-intelligence/intel-google-deepen-collaboration-to-advance-ai-infrastructure.html
18,"Broadcom · Google TPU agreement, Form 8-K",2026-04-06,https://investors.broadcom.com/static-files/c906d370-921b-4bc2-bb7b-57877dfcf1ae
19,AWS · Graviton5,2026-10-02 accessed,https://www.aboutamazon.com/news/aws/aws-graviton-5-cpu-amazon-ec2
20,AWS · Trn3 UltraServers general availability,2025-12-02,https://aws.amazon.com/about-aws/whats-new/2025/12/amazon-ec2-trn3-ultraservers/
21,Amazon · Q4 2025 results / Trainium4 roadmap,2026-02,https://ir.aboutamazon.com/news-release/news-release-details/2026/Amazon-com-Announces-Fourth-Quarter-Results/default.aspx
22,Intel / AWS · Foundry collaboration,2024-09-16,https://newsroom.intel.com/corporate/intel-strategic-collaboration
23,Microsoft · Cobalt 200 architecture,2025-11,https://techcommunity.microsoft.com/blog/AzureInfrastructureBlog/announcing-cobalt-200-azure%E2%80%99s-next-cloud-native-cpu/4469807
24,Microsoft · Maia 200,2026-01-26,https://blogs.microsoft.com/blog/2026/01/26/maia-200-the-ai-accelerator-built-for-inference/
25,NVIDIA · Vera Rubin production ramp,2026-05-31,https://nvidianews.nvidia.com/news/vera-rubin-full-production-agentic-ai-factory
26,NVIDIA · Rubin GPU architecture,2026-07-21,https://developer.nvidia.com/blog/inside-nvidia-rubin-gpu-architecture-powering-the-era-of-agentic-ai/
27,NVIDIA · Vera Rubin platform architecture,2026-01-05,https://developer.nvidia.com/blog/inside-the-nvidia-rubin-platform-six-new-chips-one-ai-supercomputer/
28,NVIDIA · GTC 2025 / Rubin Ultra roadmap,2025-03,https://blogs.nvidia.com/blog/nvidia-keynote-at-gtc-2025-ai-news-live-updates/
29,Meta · MTIA roadmap,2026-03-11,https://ai.meta.com/blog/meta-mtia-scale-ai-chips-for-billions/
30,Socionext · Intel 18A-P SoC development,2026-08-18,https://www.socionext.com/cn/pr/Intel_18A-P_Process/
31,Broadcom · 3.5D F2F / XDSiP platform,2024-12-05,https://investors.broadcom.com/node/62691/pdf
32,Marvell · Custom HBM compute architecture,2024-12-10,https://www.marvell.com/company/newsroom/marvell-announces-breakthrough-custom-hbm-compute-architecture.html
33,Fujitsu · MONAKA programme,2026-10-02 accessed,https://global.fujitsu/en-global/technology/research/fujitsu-monaka
34,Fujitsu · Investor technology Q&A,2025-12-02,https://global.fujitsu/-/media/Project/Fujitsu/Fujitsu-HQ/ir/documents/tech/2025/12/02-03b-en.pdf
35,Ampere · AmpereOne Aurora roadmap,2024-07-31,https://www.amperecomputing.com/blogs/introducing-ampereone-aurora
36,SoftBank · Ampere acquisition completion,2025-11-26,https://group.softbank/en/news/press/20251126
37,TSMC · 2025 annual report,2026 publication,https://investor.tsmc.com/static/annualReports/2025/english/index.html
38,TSMC · 2026 technology symposium / packaging roadmap,2026-04,https://pr.tsmc.com/english/news/3302
39,TSMC · Arizona manufacturing roadmap,2026-10-02 accessed,https://www.tsmc.com/static/abouttsmcaz/index.htm
40,Intel · HPC / AI process and packaging brief,2026-06 document revision,https://www.intel.com/content/dam/www/central-libraries/us/en/documents/2025-11/intel-foundry-hpc-ai-brief.pdf
41,"Intel · US advanced packaging, New Mexico",2026-07-29,https://www.intel.com/content/www/us/en/newsroom/news/intel-foundry/intels-us-advanced-packaging-enables-next-generation-ai-semiconductors.html
42,Intel · Fab 52 / 18A manufacturing,2025-10-09,https://newsroom.intel.com/client-computing/intel-unveils-panther-lake-architecture-first-ai-pc-platform-built-on-18a
43,SK hynix / TSMC · HBM4 collaboration,2024-04-19,https://news.skhynix.com/en/sk-hynix-partners-with-tsmc-to-strengthen-hbm-technological-leadership/
44,TSMC · 3DFabric alliance / AWS Trainium CoWoS,2022-10-27,https://pr.tsmc.com/english/news/2968
45,Samsung · Foundry technology roadmap,2024-06,https://news.samsungsemiconductor.com/global/samsung-showcases-ai-era-vision-and-latest-foundry-technologies-at-sff-2024/
